,ZONA,MUNI_DOM,CO_DOM_X,CO_DOM_Y,ID_DOM,F_DOM,FE_DOM,DOM,CD_ENTRE,DATA,TIPO_DOM,AGUA,RUA_PAVI,NO_MORAD,TOT_FAM,ID_FAM,F_FAM,FE_FAM,FAMILIA,NO_MORAF,CONDMORA,QT_BANHO,QT_EMPRE,QT_AUTO,QT_MICRO,QT_LAVALOU,QT_GEL1,QT_GEL2,QT_FREEZ,QT_MLAVA,QT_DVD,QT_MICROON,QT_MOTO,QT_SECAROU,QT_BICICLE,NAO_DCL_IT,CRITERIOBR,PONTO_BR,ANO_AUTO1,ANO_AUTO2,ANO_AUTO3,RENDA_FA,CD_RENFA,ID_PESS,F_PESS,FE_PESS,PESSOA,SIT_FAM,IDADE,SEXO,ESTUDA,GRAU_INS,CD_ATIVI,CO_REN_I,VL_REN_I,ZONA_ESC,MUNIESC,CO_ESC_X,CO_ESC_Y,TIPO_ESC,ZONATRA1,MUNITRA1,CO_TR1_X,CO_TR1_Y,TRAB1_RE,TRABEXT1,OCUP1,SETOR1,VINC1,ZONATRA2,MUNITRA2,CO_TR2_X,CO_TR2_Y,TRAB2_RE,TRABEXT2,OCUP2,SETOR2,VINC2,N_VIAG,FE_VIA,DIA_SEM,TOT_VIAG,ZONA_O,MUNI_O,CO_O_X,CO_O_Y,ZONA_D,MUNI_D,CO_D_X,CO_D_Y,ZONA_T1,MUNI_T1,CO_T1_X,CO_T1_Y,ZONA_T2,MUNI_T2,CO_T2_X,CO_T2_Y,ZONA_T3,MUNI_T3,CO_T3_X,CO_T3_Y,MOTIVO_O,MOTIVO_D,MOT_SRES,SERVIR_O,SERVIR_D,MODO1,MODO2,MODO3,MODO4,H_SAIDA,MIN_SAIDA,ANDA_O,H_CHEG,MIN_CHEG,ANDA_D,DURACAO,MODOPRIN,TIPVG,PAG_VIAG,TP_ESAUTO,VL_EST,PE_BICI,VIA_BICI,TP_ESBICI,DISTANCIA,ID_ORDEM
772,4,36,-23.55090817307865,-46.64453944809536,40014,1,334.636364,14,1,7082017,1,1,1,5,1,400141,1,334.636364,1,5,2,1.0,0.0,0.0,1.0,0.0,0.0,1.0,1.0,1.0,2.0,1.0,0.0,0.0,0.0,1,3.0,29.0,,,,5065.0,1,40014101,1,401.738311,1,1,58,1,1,4,1,1,2515.0,,,,,,4.0,36.0,-23.55090817307865,-46.64453944809536,1.0,2.0,1.0,12.0,4.0,,,,,,,,,,1.0,455.222595,6.0,3,4.0,36.0,-23.55090817307865,-46.64453944809536,27.0,36.0,-23.566786053761316,-46.64769564899699,,,,,,,,,,,,,8.0,3.0,3.0,2.0,2.0,16.0,,,,15.0,30.0,,15.0,50.0,,20.0,16.0,3.0,,,,5.0,,,1787.69,773
773,4,36,-23.55090817307865,-46.64453944809536,40014,0,334.636364,14,1,7082017,1,1,1,5,1,400141,0,334.636364,1,5,2,1.0,0.0,0.0,1.0,0.0,0.0,1.0,1.0,1.0,2.0,1.0,0.0,0.0,0.0,1,3.0,29.0,,,,5065.0,1,40014101,0,401.738311,1,1,58,1,1,4,1,1,2515.0,,,,,,4.0,36.0,-23.55090817307865,-46.64453944809536,1.0,2.0,1.0,12.0,4.0,,,,,,,,,,2.0,455.222595,6.0,3,27.0,36.0,-23.566786053761316,-46.64769564899699,5.0,36.0,-23.545632357567065,-46.6387535728233,,,,,,,,,,,,,3.0,10.0,10.0,2.0,2.0,16.0,,,,17.0,20.0,,18.0,0.0,,40.0,16.0,3.0,,,,5.0,,,2514.28,774
861,4,36,-23.550151056104923,-46.64355050207927,40046,0,193.619048,46,1,12082017,1,1,1,1,1,400461,0,193.619048,1,1,1,1.0,0.0,0.0,1.0,0.0,1.0,0.0,0.0,1.0,1.0,1.0,0.0,0.0,0.0,1,4.0,26.0,,,,1800.0,1,40046101,0,82.128858,1,1,24,1,1,5,1,1,1800.0,,,,,,66.0,36.0,-23.60518203708348,-46.669714058754224,2.0,2.0,2.0,12.0,1.0,,,,,,,,,,3.0,93.062849,6.0,5,4.0,36.0,-23.550151056104923,-46.64355050207927,31.0,36.0,-23.55319425905915,-46.652071220088374,,,,,,,,,,,,,8.0,10.0,10.0,2.0,2.0,16.0,,,,20.0,40.0,,21.0,5.0,,25.0,16.0,3.0,,,,5.0,,,932.93,862
863,4,36,-23.550151056104923,-46.64355050207927,40046,0,193.619048,46,1,12082017,1,1,1,1,1,400461,0,193.619048,1,1,1,1.0,0.0,0.0,1.0,0.0,1.0,0.0,0.0,1.0,1.0,1.0,0.0,0.0,0.0,1,4.0,26.0,,,,1800.0,1,40046101,0,82.128858,1,1,24,1,1,5,1,1,1800.0,,,,,,66.0,36.0,-23.60518203708348,-46.669714058754224,2.0,2.0,2.0,12.0,1.0,,,,,,,,,,5.0,93.062849,6.0,5,31.0,36.0,-23.549447985495352,-46.65365038689191,4.0,36.0,-23.550151056104923,-46.64355050207927,,,,,,,,,,,,,10.0,8.0,10.0,2.0,2.0,16.0,,,,21.0,22.0,,21.0,40.0,,18.0,16.0,3.0,,,,5.0,,,1034.11,864
1528,7,36,-23.536193566159433,-46.6277747697924,70008,0,69.666667,8,1,31082017,1,1,1,2,1,700081,0,69.666667,1,2,1,1.0,0.0,1.0,1.0,0.0,0.0,1.0,1.0,1.0,0.0,1.0,0.0,0.0,0.0,1,4.0,26.0,2005.0,,,3600.0,1,70008102,1,81.339663,2,2,33,2,1,2,1,1,1100.0,,,,,,2.0,36.0,-23.540559872701518,-46.63250053373882,2.0,2.0,6.0,4.0,1.0,,,,,,,,,,1.0,92.168587,5.0,2,7.0,36.0,-23.536193566159433,-46.6277747697924,2.0,36.0,-23.540559872701518,-46.63250053373882,,,,,,,,,,,,,8.0,2.0,2.0,2.0,2.0,16.0,,,,9.0,0.0,,9.0,20.0,,20.0,16.0,3.0,,,,5.0,,,683.12,1529
2867,11,36,-23.527070337867237,-46.60804587740136,110015,0,16.413793,15,1,16092017,1,1,1,4,1,1100151,0,16.413793,1,4,2,1.0,0.0,1.0,1.0,0.0,0.0,1.0,1.0,1.0,0.0,1.0,0.0,0.0,0.0,1,4.0,25.0,2005.0,,,4075.0,1,110015102,0,19.439928,2,3,35,1,1,5,1,1,1800.0,,,,,,12.0,36.0,-23.529611071249708,-46.61992728835216,2.0,2.0,4.0,4.0,1.0,,,,,,,,,,2.0,22.028007,6.0,2,12.0,36.0,-23.529611071249708,-46.61992728835216,11.0,36.0,-23.527070337867237,-46.60804587740136,,,,,,,,,,,,,2.0,8.0,2.0,2.0,2.0,16.0,,,,17.0,45.0,,18.0,0.0,,15.0,16.0,3.0,,,,5.0,,,1245.44,2868
3015,11,36,-23.52450420444108,-46.6081909745779,110303,0,16.413793,303,1,23112017,1,1,1,4,1,1103031,0,16.413793,1,4,1,1.0,0.0,1.0,1.0,0.0,0.0,1.0,1.0,1.0,0.0,1.0,0.0,0.0,0.0,1,4.0,27.0,2010.0,,,3200.0,1,110303103,0,22.004155,3,3,18,2,1,4,1,1,1200.0,,,,,,13.0,36.0,-23.53583687488271,-46.623020168323464,2.0,2.0,6.0,4.0,2.0,,,,,,,,,,2.0,24.933616,5.0,2,13.0,36.0,-23.53583687488271,-46.623020168323464,11.0,36.0,-23.52450420444108,-46.6081909745779,,,,,,,,,,,,,2.0,8.0,2.0,2.0,2.0,16.0,,,,15.0,10.0,,15.0,25.0,,15.0,16.0,3.0,,,,5.0,,,1966.72,3016
3860,14,36,-23.54083308034058,-46.613237871629565,140492,0,32.5,492,1,22082018,1,1,1,4,1,1404921,0,32.5,1,4,1,2.0,0.0,1.0,1.0,0.0,0.0,1.0,1.0,1.0,1.0,1.0,0.0,0.0,0.0,1,3.0,34.0,2014.0,,,3000.0,1,140492102,0,33.088338,2,2,41,2,1,3,7,2,0.0,,,,,,,,,,,,,,,,,,,,,,,,3.0,37.49346,5.0,5,42.0,36.0,-23.53229589109625,-46.6109594609423,14.0,36.0,-23.54083308034058,-46.613237871629565,,,,,,,,,,,,,4.0,8.0,4.0,1.0,2.0,16.0,,,,11.0,30.0,,11.0,45.0,,15.0,16.0,3.0,,,,5.0,,,973.65,3861
3979,15,36,-23.543965220334307,-46.6107588008373,150023,0,92.111111,23,1,6092017,1,1,1,2,1,1500231,0,92.111111,1,2,1,1.0,0.0,0.0,1.0,0.0,0.0,2.0,2.0,1.0,0.0,1.0,0.0,0.0,0.0,1,4.0,25.0,,,,3100.0,1,150023101,0,157.763259,1,1,52,1,1,1,1,1,1800.0,,,,,,14.0,36.0,-23.541231067836023,-46.61752300405806,2.0,2.0,6.0,4.0,7.0,,,,,,,,,,2.0,178.766621,3.0,2,14.0,36.0,-23.541231067836023,-46.61752300405806,15.0,36.0,-23.543965220334307,-46.6107588008373,,,,,,,,,,,,,2.0,8.0,2.0,2.0,2.0,16.0,,,,13.0,20.0,,13.0,40.0,,20.0,16.0,3.0,,,,5.0,,,754.1,3980
3980,15,36,-23.543965220334307,-46.6107588008373,150023,0,92.111111,23,1,6092017,1,1,1,2,1,1500231,0,92.111111,1,2,1,1.0,0.0,0.0,1.0,0.0,0.0,2.0,2.0,1.0,0.0,1.0,0.0,0.0,0.0,1,4.0,25.0,,,,3100.0,1,150023102,1,157.763259,2,2,39,2,1,2,1,1,1300.0,,,,,,14.0,36.0,-23.541231067836023,-46.61752300405806,2.0,2.0,6.0,4.0,8.0,,,,,,,,,,1.0,178.766621,3.0,2,15.0,36.0,-23.543965220334307,-46.6107588008373,14.0,36.0,-23.541231067836023,-46.61752300405806,,,,,,,,,,,,,8.0,2.0,2.0,2.0,2.0,16.0,,,,5.0,20.0,,5.0,40.0,,20.0,16.0,3.0,,,,5.0,,,754.1,3981
3981,15,36,-23.543965220334307,-46.6107588008373,150023,0,92.111111,23,1,6092017,1,1,1,2,1,1500231,0,92.111111,1,2,1,1.0,0.0,0.0,1.0,0.0,0.0,2.0,2.0,1.0,0.0,1.0,0.0,0.0,0.0,1,4.0,25.0,,,,3100.0,1,150023102,0,157.763259,2,2,39,2,1,2,1,1,1300.0,,,,,,14.0,36.0,-23.541231067836023,-46.61752300405806,2.0,2.0,6.0,4.0,8.0,,,,,,,,,,2.0,178.766621,3.0,2,14.0,36.0,-23.541231067836023,-46.61752300405806,15.0,36.0,-23.543965220334307,-46.6107588008373,,,,,,,,,,,,,2.0,8.0,2.0,2.0,2.0,16.0,,,,13.0,20.0,,13.0,40.0,,20.0,16.0,3.0,,,,5.0,,,754.1,3982
4040,15,36,-23.545345652762716,-46.6082583034019,150049,0,43.588235,49,1,6092017,1,1,1,2,1,1500491,0,43.588235,1,2,2,1.0,0.0,1.0,2.0,0.0,0.0,1.0,1.0,1.0,0.0,1.0,0.0,0.0,0.0,1,3.0,35.0,2015.0,,,8000.0,1,150049102,1,46.737077,2,2,30,2,6,5,1,1,4000.0,24.0,36.0,332946.0,7393450.0,2.0,16.0,36.0,-23.545726562786424,-46.620281427554296,2.0,2.0,2.0,13.0,1.0,,,,,,,,,,1.0,52.959285,3.0,3,15.0,36.0,-23.545345652762716,-46.6082583034019,16.0,36.0,-23.545726562786424,-46.620281427554296,,,,,,,,,,,,,8.0,3.0,3.0,2.0,2.0,16.0,,,,12.0,0.0,,12.0,25.0,,25.0,16.0,3.0,,,,5.0,,,1228.28,4041
4514,17,36,-23.54259710985789,-46.62421974677881,170026,1,19.068493,26,1,5092017,1,1,1,3,1,1700261,1,19.068493,1,3,1,1.0,0.0,1.0,1.0,0.0,0.0,1.0,1.0,1.0,1.0,1.0,0.0,0.0,0.0,1,4.0,27.0,2009.0,,,3100.0,1,170026101,1,21.352846,1,1,41,1,1,2,1,1,1800.0,,,,,,2.0,36.0,-23.541680230583303,-46.62986001251615,2.0,2.0,6.0,4.0,4.0,,,,,,,,,,1.0,24.195596,2.0,2,17.0,36.0,-23.54259710985789,-46.62421974677881,2.0,36.0,-23.541680230583303,-46.62986001251615,,,,,,,,,,,,,8.0,2.0,2.0,2.0,2.0,16.0,,,,7.0,0.0,,7.0,15.0,,15.0,16.0,3.0,,,,5.0,,,584.77,4515
4545,17,36,-23.541433029895465,-46.626732470183136,170040,0,19.068493,40,1,9092017,1,1,1,2,1,1700401,0,19.068493,1,2,1,1.0,0.0,0.0,0.0,0.0,1.0,0.0,0.0,1.0,0.0,1.0,0.0,0.0,0.0,1,5.0,17.0,,,,3400.0,1,170040102,1,17.373639,2,2,27,2,1,3,1,1,1800.0,,,,,,6.0,36.0,-23.54159080781103,-46.63665639773895,2.0,2.0,6.0,4.0,1.0,,,,,,,,,,1.0,19.686629,4.0,2,17.0,36.0,-23.541433029895465,-46.626732470183136,6.0,36.0,-23.54159080781103,-46.63665639773895,,,,,,,,,,,,,8.0,2.0,2.0,2.0,2.0,16.0,,,,8.0,0.0,,8.0,20.0,,20.0,16.0,3.0,,,,5.0,,,1013.42,4546
4546,17,36,-23.541433029895465,-46.626732470183136,170040,0,19.068493,40,1,9092017,1,1,1,2,1,1700401,0,19.068493,1,2,1,1.0,0.0,0.0,0.0,0.0,1.0,0.0,0.0,1.0,0.0,1.0,0.0,0.0,0.0,1,5.0,17.0,,,,3400.0,1,170040102,0,17.373639,2,2,27,2,1,3,1,1,1800.0,,,,,,6.0,36.0,-23.54159080781103,-46.63665639773895,2.0,2.0,6.0,4.0,1.0,,,,,,,,,,2.0,19.686629,4.0,2,6.0,36.0,-23.54159080781103,-46.63665639773895,17.0,36.0,-23.541433029895465,-46.626732470183136,,,,,,,,,,,,,2.0,8.0,2.0,2.0,2.0,16.0,,,,17.0,40.0,,18.0,0.0,,20.0,16.0,3.0,,,,5.0,,,1013.42,4547
4581,17,36,-23.540592907686243,-46.62676131260348,170055,1,19.068493,55,1,5092017,1,1,1,3,1,1700551,1,19.068493,1,3,1,1.0,0.0,0.0,0.0,0.0,0.0,1.0,1.0,1.0,1.0,1.0,0.0,0.0,2.0,1,4.0,24.0,,,,2588.93,3,170055101,1,21.352846,1,1,40,2,1,4,5,3,,,,,,,,,,,,,,,,,,,,,,,,,1.0,24.195596,4.0,4,17.0,36.0,-23.540592907686243,-46.62676131260348,17.0,36.0,-23.548287172426875,-46.6258568875344,,,,,,,,,,,,,8.0,4.0,4.0,2.0,1.0,16.0,,,,11.0,30.0,,11.0,55.0,,25.0,16.0,3.0,,,,5.0,,,857.09,4582
4582,17,36,-23.540592907686243,-46.62676131260348,170055,0,19.068493,55,1,5092017,1,1,1,3,1,1700551,0,19.068493,1,3,1,1.0,0.0,0.0,0.0,0.0,0.0,1.0,1.0,1.0,1.0,1.0,0.0,0.0,2.0,1,4.0,24.0,,,,2588.93,3,170055101,0,21.352846,1,1,40,2,1,4,5,3,,,,,,,,,,,,,,,,,,,,,,,,,2.0,24.195596,4.0,4,17.0,36.0,-23.548287172426875,-46.6258568875344,17.0,36.0,-23.540592907686243,-46.62676131260348,,,,,,,,,,,,,4.0,8.0,4.0,1.0,2.0,16.0,,,,12.0,0.0,,12.0,20.0,,20.0,16.0,3.0,,,,5.0,,,857.09,4583
4583,17,36,-23.540592907686243,-46.62676131260348,170055,0,19.068493,55,1,5092017,1,1,1,3,1,1700551,0,19.068493,1,3,1,1.0,0.0,0.0,0.0,0.0,0.0,1.0,1.0,1.0,1.0,1.0,0.0,0.0,2.0,1,4.0,24.0,,,,2588.93,3,170055101,0,21.352846,1,1,40,2,1,4,5,3,,,,,,,,,,,,,,,,,,,,,,,,,3.0,24.195596,4.0,4,17.0,36.0,-23.540592907686243,-46.62676131260348,17.0,36.0,-23.548287172426875,-46.6258568875344,,,,,,,,,,,,,8.0,4.0,4.0,2.0,1.0,16.0,,,,16.0,40.0,,16.0,55.0,,15.0,16.0,3.0,,,,5.0,,,857.09,4584
4584,17,36,-23.540592907686243,-46.62676131260348,170055,0,19.068493,55,1,5092017,1,1,1,3,1,1700551,0,19.068493,1,3,1,1.0,0.0,0.0,0.0,0.0,0.0,1.0,1.0,1.0,1.0,1.0,0.0,0.0,2.0,1,4.0,24.0,,,,2588.93,3,170055101,0,21.352846,1,1,40,2,1,4,5,3,,,,,,,,,,,,,,,,,,,,,,,,,4.0,24.195596,4.0,4,17.0,36.0,-23.548287172426875,-46.6258568875344,17.0,36.0,-23.540592907686243,-46.62676131260348,,,,,,,,,,,,,4.0,8.0,4.0,1.0,2.0,16.0,,,,17.0,0.0,,17.0,25.0,,25.0,16.0,3.0,,,,5.0,,,857.09,4585
4587,17,36,-23.540592907686243,-46.62676131260348,170055,0,19.068493,55,1,5092017,1,1,1,3,1,1700551,0,19.068493,1,3,1,1.0,0.0,0.0,0.0,0.0,0.0,1.0,1.0,1.0,1.0,1.0,0.0,0.0,2.0,1,4.0,24.0,,,,2588.93,3,170055103,1,18.444956,3,3,10,2,3,2,8,2,0.0,17.0,36.0,334045.0,7394842.0,1.0,,,,,,,,,,,,,,,,,,,1.0,20.900573,4.0,2,17.0,36.0,-23.540592907686243,-46.62676131260348,17.0,36.0,-23.548287172426875,-46.6258568875344,,,,,,,,,,,,,8.0,4.0,4.0,2.0,2.0,16.0,,,,11.0,30.0,,11.0,55.0,,25.0,16.0,3.0,,,,5.0,,,857.09,4588
4588,17,36,-23.540592907686243,-46.62676131260348,170055,0,19.068493,55,1,5092017,1,1,1,3,1,1700551,0,19.068493,1,3,1,1.0,0.0,0.0,0.0,0.0,0.0,1.0,1.0,1.0,1.0,1.0,0.0,0.0,2.0,1,4.0,24.0,,,,2588.93,3,170055103,0,18.444956,3,3,10,2,3,2,8,2,0.0,17.0,36.0,334045.0,7394842.0,1.0,,,,,,,,,,,,,,,,,,,2.0,20.900573,4.0,2,17.0,36.0,-23.548287172426875,-46.6258568875344,17.0,36.0,-23.540592907686243,-46.62676131260348,,,,,,,,,,,,,4.0,8.0,4.0,2.0,2.0,16.0,,,,17.0,0.0,,17.0,25.0,,25.0,16.0,3.0,,,,5.0,,,857.09,4589
4725,17,36,-23.543021718836474,-46.62247169574855,170318,0,19.068493,318,1,29092017,1,1,1,2,1,1703181,0,19.068493,1,2,1,1.0,0.0,0.0,1.0,0.0,1.0,0.0,0.0,0.0,0.0,1.0,0.0,0.0,0.0,1,5.0,20.0,,,,3600.0,1,170318102,1,17.373639,2,2,25,2,1,4,1,1,1600.0,,,,,,6.0,36.0,-23.541189725828538,-46.638727889519245,2.0,2.0,11.0,14.0,1.0,,,,,,,,,,1.0,19.686629,6.0,2,17.0,36.0,-23.543021718836474,-46.62247169574855,6.0,36.0,-23.541189725828538,-46.638727889519245,,,,,,,,,,,,,8.0,3.0,3.0,2.0,2.0,16.0,,,,7.0,0.0,,7.0,30.0,,30.0,16.0,3.0,,,,5.0,,,1672.15,4726
4726,17,36,-23.543021718836474,-46.62247169574855,170318,0,19.068493,318,1,29092017,1,1,1,2,1,1703181,0,19.068493,1,2,1,1.0,0.0,0.0,1.0,0.0,1.0,0.0,0.0,0.0,0.0,1.0,0.0,0.0,0.0,1,5.0,20.0,,,,3600.0,1,170318102,0,17.373639,2,2,25,2,1,4,1,1,1600.0,,,,,,6.0,36.0,-23.541189725828538,-46.638727889519245,2.0,2.0,11.0,14.0,1.0,,,,,,,,,,2.0,19.686629,6.0,2,6.0,36.0,-23.541189725828538,-46.638727889519245,17.0,36.0,-23.543021718836474,-46.62247169574855,,,,,,,,,,,,,3.0,8.0,3.0,2.0,2.0,16.0,,,,18.0,0.0,,18.0,30.0,,30.0,16.0,3.0,,,,5.0,,,1672.15,4727
16563,43,36,-23.557147460766735,-46.589907235279945,431394,0,85.781508,1394,1,23092018,1,1,1,3,1,4313941,0,85.781508,1,3,1,1.0,0.0,0.0,0.0,0.0,1.0,0.0,0.0,0.0,1.0,1.0,0.0,0.0,1.0,1,6.0,15.0,,,,3450.0,1,431394102,1,75.618489,2,4,19,1,1,4,1,1,1500.0,,,,,,47.0,36.0,-23.566664236905652,-46.575845995033646,2.0,2.0,8.0,3.0,1.0,,,,,,,,,,1.0,85.68574,6.0,4,43.0,36.0,-23.557147460766735,-46.589907235279945,47.0,36.0,-23.566664236905652,-46.575845995033646,,,,,,,,,,,,,8.0,1.0,1.0,2.0,2.0,16.0,,,,6.0,30.0,,6.0,55.0,,25.0,16.0,3.0,,,,5.0,,,1780.8,16564
23053,60,36,-23.626050214326835,-46.64694656340171,601094,1,72.231317,1094,1,23042018,1,1,1,3,1,6010941,1,72.231317,1,3,1,2.0,0.0,1.0,3.0,0.0,1.0,0.0,1.0,1.0,1.0,0.0,0.0,0.0,0.0,1,2.0,38.0,2007.0,,,9000.0,1,601094101,1,90.349166,1,1,45,1,1,5,1,1,4500.0,,,,,,60.0,36.0,-23.626050214326835,-46.64694656340171,3.0,2.0,2.0,11.0,4.0,,,,,,,,,,1.0,102.377545,6.0,4,60.0,36.0,-23.626050214326835,-46.64694656340171,66.0,36.0,-23.613636833520907,-46.66779260413315,,,,,,,,,,,,,8.0,3.0,3.0,2.0,2.0,16.0,,,,8.0,30.0,,9.0,0.0,,30.0,16.0,3.0,,,,5.0,,,2532.77,23054
23054,60,36,-23.626050214326835,-46.64694656340171,601094,0,72.231317,1094,1,23042018,1,1,1,3,1,6010941,0,72.231317,1,3,1,2.0,0.0,1.0,3.0,0.0,1.0,0.0,1.0,1.0,1.0,0.0,0.0,0.0,0.0,1,2.0,38.0,2007.0,,,9000.0,1,601094101,0,90.349166,1,1,45,1,1,5,1,1,4500.0,,,,,,60.0,36.0,-23.626050214326835,-46.64694656340171,3.0,2.0,2.0,11.0,4.0,,,,,,,,,,2.0,102.377545,6.0,4,66.0,36.0,-23.613636833520907,-46.66779260413315,60.0,36.0,-23.626050214326835,-46.64694656340171,,,,,,,,,,,,,3.0,8.0,3.0,2.0,2.0,16.0,,,,10.0,0.0,,10.0,40.0,,40.0,16.0,3.0,,,,5.0,,,2532.77,23055
25906,66,36,-23.611586329943638,-46.67037337986245,660512,0,49.506667,512,1,11062018,1,1,1,5,1,6605121,0,49.506667,1,5,1,6.0,2.0,1.0,2.0,0.0,0.0,2.0,2.0,1.0,2.0,1.0,0.0,1.0,2.0,1,1.0,61.0,2010.0,,,19091.53,3,660512102,0,51.266711,2,2,39,1,1,5,1,3,,,,,,,68.0,36.0,-23.583426347432084,-46.675777708814515,2.0,2.0,4.0,4.0,1.0,,,,,,,,,,3.0,58.091958,5.0,4,68.0,36.0,-23.583426347432084,-46.675777708814515,69.0,36.0,-23.592396798834685,-46.673775230774545,,,,,,,,,,,,,3.0,6.0,6.0,2.0,2.0,16.0,,,,18.0,15.0,,18.0,30.0,,15.0,16.0,3.0,,,,5.0,,,1014.27,25907
27425,69,36,-23.593236941983037,-46.67625507544634,690039,0,69.0,39,1,22092018,1,1,1,2,1,6900391,0,69.0,1,2,2,2.0,0.0,2.0,2.0,1.0,0.0,1.0,1.0,1.0,1.0,1.0,0.0,0.0,0.0,1,1.0,45.0,2017.0,1980.0,,5000.0,1,690039101,0,70.424154,1,1,64,2,1,5,1,1,3500.0,,,,,,30.0,36.0,-23.54814690641421,-46.65880590026466,2.0,2.0,1.0,3.0,7.0,,,,,,,,,,2.0,79.799873,6.0,4,30.0,36.0,-23.54814690641421,-46.65880590026466,69.0,36.0,-23.593236941983037,-46.67625507544634,,,,,,,,,,,,,1.0,8.0,1.0,2.0,2.0,16.0,,,,17.0,30.0,,19.0,0.0,,90.0,16.0,3.0,,,,5.0,,,5301.79,27426
27583,69,36,-23.591947518265684,-46.674406415865555,690645,0,69.0,645,1,27092018,1,1,1,3,1,6906451,0,69.0,1,3,1,2.0,1.0,1.0,1.0,0.0,0.0,1.0,1.0,1.0,1.0,1.0,0.0,0.0,0.0,1,2.0,40.0,2012.0,,,13500.0,3,690645102,1,70.424154,2,2,32,2,1,5,1,1,3500.0,,,,,,73.0,36.0,-23.595311387913483,-46.68649145550982,2.0,2.0,2.0,4.0,1.0,,,,,,,,,,1.0,79.799873,4.0,4,69.0,36.0,-23.591947518265684,-46.674406415865555,73.0,36.0,-23.595311387913483,-46.68649145550982,,,,,,,,,,,,,8.0,2.0,2.0,2.0,2.0,16.0,,,,7.0,30.0,,7.0,45.0,,15.0,16.0,3.0,,,,5.0,,,1288.49,27584
27586,69,36,-23.591947518265684,-46.674406415865555,690645,0,69.0,645,1,27092018,1,1,1,3,1,6906451,0,69.0,1,3,1,2.0,1.0,1.0,1.0,0.0,0.0,1.0,1.0,1.0,1.0,1.0,0.0,0.0,0.0,1,2.0,40.0,2012.0,,,13500.0,3,690645102,0,70.424154,2,2,32,2,1,5,1,1,3500.0,,,,,,73.0,36.0,-23.595311387913483,-46.68649145550982,2.0,2.0,2.0,4.0,1.0,,,,,,,,,,4.0,79.799873,4.0,4,73.0,36.0,-23.595311387913483,-46.68649145550982,69.0,36.0,-23.591947518265684,-46.674406415865555,,,,,,,,,,,,,2.0,8.0,2.0,2.0,2.0,16.0,,,,18.0,0.0,,18.0,15.0,,15.0,16.0,3.0,,,,5.0,,,1288.49,27587
27643,69,36,-23.58837392288939,-46.67335186243243,690720,1,69.0,720,1,3102018,1,1,1,3,1,6907201,1,69.0,1,3,1,2.0,1.0,1.0,1.0,0.0,0.0,1.0,1.0,1.0,0.0,1.0,0.0,0.0,0.0,1,2.0,39.0,2018.0,,,8000.0,1,690720101,1,30.641911,1,1,28,1,1,5,1,1,8000.0,,,,,,68.0,36.0,-23.583052355491354,-46.68280761681075,2.0,2.0,2.0,7.0,1.0,,,,,,,,,,1.0,34.721334,3.0,4,69.0,36.0,-23.58837392288939,-46.67335186243243,68.0,36.0,-23.583052355491354,-46.68280761681075,,,,,,,,,,,,,8.0,3.0,3.0,2.0,2.0,16.0,,,,8.0,0.0,,8.0,15.0,,15.0,16.0,3.0,,,,5.0,,,1130.87,27644
27644,69,36,-23.58837392288939,-46.67335186243243,690720,0,69.0,720,1,3102018,1,1,1,3,1,6907201,0,69.0,1,3,1,2.0,1.0,1.0,1.0,0.0,0.0,1.0,1.0,1.0,0.0,1.0,0.0,0.0,0.0,1,2.0,39.0,2018.0,,,8000.0,1,690720101,0,30.641911,1,1,28,1,1,5,1,1,8000.0,,,,,,68.0,36.0,-23.583052355491354,-46.68280761681075,2.0,2.0,2.0,7.0,1.0,,,,,,,,,,2.0,34.721334,3.0,4,68.0,36.0,-23.583052355491354,-46.68280761681075,69.0,36.0,-23.58837392288939,-46.67335186243243,,,,,,,,,,,,,3.0,8.0,3.0,2.0,2.0,16.0,,,,12.0,0.0,,12.0,15.0,,15.0,16.0,3.0,,,,5.0,,,1130.87,27645
27645,69,36,-23.58837392288939,-46.67335186243243,690720,0,69.0,720,1,3102018,1,1,1,3,1,6907201,0,69.0,1,3,1,2.0,1.0,1.0,1.0,0.0,0.0,1.0,1.0,1.0,0.0,1.0,0.0,0.0,0.0,1,2.0,39.0,2018.0,,,8000.0,1,690720101,0,30.641911,1,1,28,1,1,5,1,1,8000.0,,,,,,68.0,36.0,-23.583052355491354,-46.68280761681075,2.0,2.0,2.0,7.0,1.0,,,,,,,,,,3.0,34.721334,3.0,4,69.0,36.0,-23.58837392288939,-46.67335186243243,68.0,36.0,-23.583052355491354,-46.68280761681075,,,,,,,,,,,,,8.0,3.0,3.0,2.0,2.0,16.0,,,,13.0,30.0,,13.0,45.0,,15.0,16.0,3.0,,,,5.0,,,1130.87,27646
27646,69,36,-23.58837392288939,-46.67335186243243,690720,0,69.0,720,1,3102018,1,1,1,3,1,6907201,0,69.0,1,3,1,2.0,1.0,1.0,1.0,0.0,0.0,1.0,1.0,1.0,0.0,1.0,0.0,0.0,0.0,1,2.0,39.0,2018.0,,,8000.0,1,690720101,0,30.641911,1,1,28,1,1,5,1,1,8000.0,,,,,,68.0,36.0,-23.583052355491354,-46.68280761681075,2.0,2.0,2.0,7.0,1.0,,,,,,,,,,4.0,34.721334,3.0,4,68.0,36.0,-23.583052355491354,-46.68280761681075,69.0,36.0,-23.58837392288939,-46.67335186243243,,,,,,,,,,,,,3.0,8.0,3.0,2.0,2.0,16.0,,,,19.0,0.0,,19.0,15.0,,15.0,16.0,3.0,,,,5.0,,,1130.87,27647
27744,70,36,-23.602525712526873,-46.675716624882945,700049,0,94.447368,49,1,28062018,1,1,1,3,1,7000491,0,94.447368,1,3,2,2.0,0.0,2.0,4.0,0.0,0.0,1.0,1.0,1.0,1.0,1.0,0.0,1.0,1.0,1,1.0,49.0,2011.0,2012.0,,9986.61,3,700049102,1,62.292624,2,3,27,1,1,5,1,3,,,,,,,69.0,36.0,-23.593628545701208,-46.68346184542677,2.0,2.0,2.0,7.0,1.0,,,,,,,,,,1.0,70.585774,4.0,4,70.0,36.0,-23.602525712526873,-46.675716624882945,69.0,36.0,-23.593628545701208,-46.68346184542677,,,,,,,,,,,,,8.0,3.0,3.0,2.0,2.0,16.0,,,,8.0,0.0,,8.0,20.0,,20.0,16.0,3.0,,,,5.0,,,1263.24,27745
41039,94,36,-23.523722015734258,-46.68302174678148,940871,1,45.789474,871,1,16062018,1,1,1,4,1,9408711,1,45.789474,1,4,2,3.0,1.0,1.0,4.0,1.0,0.0,1.0,1.0,1.0,2.0,1.0,0.0,1.0,2.0,1,1.0,58.0,2014.0,,,13000.0,1,940871101,1,54.410023,1,1,50,1,1,5,1,1,10000.0,,,,,,99.0,36.0,-23.51441052027246,-46.69148153858556,2.0,2.0,1.0,14.0,5.0,,,,,,,,,,1.0,61.653747,6.0,4,94.0,36.0,-23.523722015734258,-46.68302174678148,99.0,36.0,-23.51441052027246,-46.69148153858556,,,,,,,,,,,,,8.0,3.0,3.0,2.0,2.0,16.0,,,,7.0,30.0,,7.0,48.0,,18.0,16.0,3.0,,,,5.0,,,1345.29,41040
41042,94,36,-23.523722015734258,-46.68302174678148,940871,0,45.789474,871,1,16062018,1,1,1,4,1,9408711,0,45.789474,1,4,2,3.0,1.0,1.0,4.0,1.0,0.0,1.0,1.0,1.0,2.0,1.0,0.0,1.0,2.0,1,1.0,58.0,2014.0,,,13000.0,1,940871101,0,54.410023,1,1,50,1,1,5,1,1,10000.0,,,,,,99.0,36.0,-23.51441052027246,-46.69148153858556,2.0,2.0,1.0,14.0,5.0,,,,,,,,,,4.0,61.653747,6.0,4,99.0,36.0,-23.51441052027246,-46.69148153858556,94.0,36.0,-23.523722015734258,-46.68302174678148,,,,,,,,,,,,,3.0,8.0,3.0,2.0,2.0,16.0,,,,18.0,20.0,,18.0,38.0,,18.0,16.0,3.0,,,,5.0,,,1345.29,41043
50634,119,36,-23.414350371823247,-46.75016879562224,1190359,0,328.655172,359,1,14042018,1,1,1,4,1,11903591,0,328.655172,1,4,2,2.0,0.0,0.0,1.0,0.0,0.0,1.0,1.0,1.0,1.0,1.0,0.0,0.0,0.0,1,4.0,28.0,,,,3213.13,3,1190359102,1,397.387406,2,3,17,1,4,3,1,3,,119.0,36.0,320672.0,7409605.0,1.0,100.0,36.0,-23.52012560986771,-46.70399147664151,2.0,2.0,11.0,4.0,1.0,,,,,,,,,,1.0,450.292445,6.0,4,119.0,36.0,-23.414350371823247,-46.75016879562224,119.0,36.0,-23.413573073762265,-46.75506074128074,,,,,,,,,,,,,8.0,4.0,4.0,2.0,2.0,16.0,,,,6.0,30.0,,7.0,0.0,,30.0,16.0,3.0,,,,5.0,,,507.35,50635
54371,133,36,-23.494975332341514,-46.62553498645193,1332258,0,141.724138,2258,1,22082018,1,1,1,2,1,13322581,0,141.724138,1,2,2,1.0,0.0,0.0,3.0,0.0,0.0,1.0,1.0,1.0,1.0,1.0,0.0,0.0,0.0,1,3.0,35.0,,,,14000.0,1,1332258101,0,143.244108,1,1,37,1,1,5,1,1,9000.0,,,,,,450.0,33.0,-23.716075759888437,-46.53776712105545,2.0,2.0,2.0,12.0,1.0,,,,,,,,,,5.0,162.314504,6.0,6,133.0,36.0,-23.494975332341514,-46.62553498645193,134.0,36.0,-23.49038434462608,-46.63105947524992,,,,,,,,,,,,,8.0,7.0,7.0,2.0,2.0,16.0,,,,20.0,30.0,,20.0,55.0,,25.0,16.0,3.0,,,,5.0,,,759.54,54372
54372,133,36,-23.494975332341514,-46.62553498645193,1332258,0,141.724138,2258,1,22082018,1,1,1,2,1,13322581,0,141.724138,1,2,2,1.0,0.0,0.0,3.0,0.0,0.0,1.0,1.0,1.0,1.0,1.0,0.0,0.0,0.0,1,3.0,35.0,,,,14000.0,1,1332258101,0,143.244108,1,1,37,1,1,5,1,1,9000.0,,,,,,450.0,33.0,-23.716075759888437,-46.53776712105545,2.0,2.0,2.0,12.0,1.0,,,,,,,,,,6.0,162.314504,6.0,6,134.0,36.0,-23.49038434462608,-46.63105947524992,133.0,36.0,-23.494975332341514,-46.62553498645193,,,,,,,,,,,,,7.0,8.0,7.0,2.0,2.0,16.0,,,,22.0,20.0,,22.0,45.0,,25.0,16.0,3.0,,,,5.0,,,759.54,54373
54377,133,36,-23.494975332341514,-46.62553498645193,1332258,0,141.724138,2258,1,22082018,1,1,1,2,1,13322581,0,141.724138,1,2,2,1.0,0.0,0.0,3.0,0.0,0.0,1.0,1.0,1.0,1.0,1.0,0.0,0.0,0.0,1,3.0,35.0,,,,14000.0,1,1332258102,0,202.195202,2,2,27,2,1,5,1,1,5000.0,,,,,,300.0,36.0,-23.628896649163043,-46.70936545971839,2.0,2.0,2.0,12.0,1.0,,,,,,,,,,5.0,229.113883,6.0,6,133.0,36.0,-23.494975332341514,-46.62553498645193,134.0,36.0,-23.49038434462608,-46.63105947524992,,,,,,,,,,,,,8.0,7.0,7.0,2.0,2.0,16.0,,,,20.0,30.0,,20.0,55.0,,25.0,16.0,3.0,,,,5.0,,,759.54,54378
54378,133,36,-23.494975332341514,-46.62553498645193,1332258,0,141.724138,2258,1,22082018,1,1,1,2,1,13322581,0,141.724138,1,2,2,1.0,0.0,0.0,3.0,0.0,0.0,1.0,1.0,1.0,1.0,1.0,0.0,0.0,0.0,1,3.0,35.0,,,,14000.0,1,1332258102,0,202.195202,2,2,27,2,1,5,1,1,5000.0,,,,,,300.0,36.0,-23.628896649163043,-46.70936545971839,2.0,2.0,2.0,12.0,1.0,,,,,,,,,,6.0,229.113883,6.0,6,134.0,36.0,-23.49038434462608,-46.63105947524992,133.0,36.0,-23.494975332341514,-46.62553498645193,,,,,,,,,,,,,7.0,8.0,7.0,2.0,2.0,16.0,,,,22.0,20.0,,22.0,45.0,,25.0,16.0,3.0,,,,5.0,,,759.54,54379
54670,134,36,-23.485714105505025,-46.63293074307427,1341745,0,174.818182,1745,1,27082018,1,1,1,3,1,13417451,0,174.818182,1,3,2,2.0,0.0,2.0,4.0,1.0,0.0,1.0,1.0,1.0,1.0,1.0,0.0,0.0,0.0,1,1.0,50.0,2009.0,2017.0,,28000.0,1,1341745103,1,225.476482,3,3,20,1,5,4,8,2,0.0,99.0,36.0,326368.0,7398720.0,2.0,,,,,,,,,,,,,,,,,,,1.0,255.49465,6.0,5,134.0,36.0,-23.485714105505025,-46.63293074307427,135.0,36.0,-23.482299088574543,-46.62183545675926,,,,,,,,,,,,,8.0,7.0,7.0,2.0,2.0,16.0,,,,16.0,10.0,,16.0,25.0,,15.0,16.0,3.0,,,,5.0,,,1194.79,54671
54671,134,36,-23.485714105505025,-46.63293074307427,1341745,0,174.818182,1745,1,27082018,1,1,1,3,1,13417451,0,174.818182,1,3,2,2.0,0.0,2.0,4.0,1.0,0.0,1.0,1.0,1.0,1.0,1.0,0.0,0.0,0.0,1,1.0,50.0,2009.0,2017.0,,28000.0,1,1341745103,0,225.476482,3,3,20,1,5,4,8,2,0.0,99.0,36.0,326368.0,7398720.0,2.0,,,,,,,,,,,,,,,,,,,2.0,255.49465,6.0,5,135.0,36.0,-23.482299088574543,-46.62183545675926,134.0,36.0,-23.485714105505025,-46.63293074307427,,,,,,,,,,,,,7.0,8.0,7.0,2.0,2.0,16.0,,,,17.0,40.0,,17.0,55.0,,15.0,16.0,3.0,,,,5.0,,,1194.79,54672
59877,154,36,-23.47242857870724,-46.58764685954738,1540012,0,387.635804,12,1,16092017,1,1,1,4,1,15400121,0,387.635804,1,4,2,3.0,0.0,2.0,1.0,0.0,1.0,0.0,0.0,1.0,0.0,1.0,0.0,0.0,0.0,1,3.0,37.0,2001.0,2011.0,,8137.0,1,1540012103,0,530.710254,3,2,46,2,1,4,1,1,937.0,,,,,,158.0,36.0,-23.483228194607516,-46.59039020400777,2.0,2.0,5.0,14.0,1.0,,,,,,,,,,3.0,601.364849,6.0,3,158.0,36.0,-23.483228194607516,-46.59039020400777,154.0,36.0,-23.47242857870724,-46.58764685954738,,,,,,,,,,,,,3.0,8.0,3.0,2.0,2.0,16.0,,,,19.0,30.0,,20.0,10.0,,40.0,16.0,3.0,,,,5.0,,,1228.37,59878
74844,205,36,-23.504280302907986,-46.37687565290556,2050047,0,348.96875,47,1,6032018,1,1,1,3,1,20500471,0,348.96875,1,3,2,1.0,0.0,1.0,0.0,0.0,1.0,0.0,0.0,1.0,0.0,1.0,0.0,0.0,0.0,1,5.0,22.0,2010.0,,,1200.0,1,2050047102,1,522.128823,2,2,25,2,1,3,5,2,0.0,,,,,,,,,,,,,,,,,,,,,,,,1.0,591.640955,2.0,6,205.0,36.0,-23.504280302907986,-46.37687565290556,205.0,36.0,-23.508564417966166,-46.37342408783671,,,,,,,,,,,,,8.0,4.0,4.0,2.0,1.0,16.0,,,,6.0,50.0,,7.0,0.0,,10.0,16.0,3.0,,,,5.0,,,591.01,74845
74845,205,36,-23.504280302907986,-46.37687565290556,2050047,0,348.96875,47,1,6032018,1,1,1,3,1,20500471,0,348.96875,1,3,2,1.0,0.0,1.0,0.0,0.0,1.0,0.0,0.0,1.0,0.0,1.0,0.0,0.0,0.0,1,5.0,22.0,2010.0,,,1200.0,1,2050047102,0,522.128823,2,2,25,2,1,3,5,2,0.0,,,,,,,,,,,,,,,,,,,,,,,,2.0,591.640955,2.0,6,205.0,36.0,-23.508564417966166,-46.37342408783671,205.0,36.0,-23.504280302907986,-46.37687565290556,,,,,,,,,,,,,4.0,8.0,4.0,1.0,2.0,16.0,,,,7.0,0.0,,7.0,10.0,,10.0,16.0,3.0,,,,5.0,,,591.01,74846
74846,205,36,-23.504280302907986,-46.37687565290556,2050047,0,348.96875,47,1,6032018,1,1,1,3,1,20500471,0,348.96875,1,3,2,1.0,0.0,1.0,0.0,0.0,1.0,0.0,0.0,1.0,0.0,1.0,0.0,0.0,0.0,1,5.0,22.0,2010.0,,,1200.0,1,2050047102,0,522.128823,2,2,25,2,1,3,5,2,0.0,,,,,,,,,,,,,,,,,,,,,,,,3.0,591.640955,2.0,6,205.0,36.0,-23.504280302907986,-46.37687565290556,205.0,36.0,-23.508564417966166,-46.37342408783671,,,,,,,,,,,,,8.0,4.0,4.0,2.0,1.0,16.0,,,,16.0,30.0,,16.0,40.0,,10.0,16.0,3.0,,,,5.0,,,591.01,74847
74847,205,36,-23.504280302907986,-46.37687565290556,2050047,0,348.96875,47,1,6032018,1,1,1,3,1,20500471,0,348.96875,1,3,2,1.0,0.0,1.0,0.0,0.0,1.0,0.0,0.0,1.0,0.0,1.0,0.0,0.0,0.0,1,5.0,22.0,2010.0,,,1200.0,1,2050047102,0,522.128823,2,2,25,2,1,3,5,2,0.0,,,,,,,,,,,,,,,,,,,,,,,,4.0,591.640955,2.0,6,205.0,36.0,-23.508564417966166,-46.37342408783671,205.0,36.0,-23.504280302907986,-46.37687565290556,,,,,,,,,,,,,4.0,8.0,4.0,1.0,2.0,16.0,,,,16.0,50.0,,17.0,0.0,,10.0,16.0,3.0,,,,5.0,,,591.01,74848
74850,205,36,-23.504280302907986,-46.37687565290556,2050047,0,348.96875,47,1,6032018,1,1,1,3,1,20500471,0,348.96875,1,3,2,1.0,0.0,1.0,0.0,0.0,1.0,0.0,0.0,1.0,0.0,1.0,0.0,0.0,0.0,1,5.0,22.0,2010.0,,,1200.0,1,2050047103,1,752.15167,3,3,3,2,2,1,6,2,0.0,205.0,36.0,359773.0,7399510.0,1.0,,,,,,,,,,,,,,,,,,,1.0,852.287237,2.0,2,205.0,36.0,-23.504280302907986,-46.37687565290556,205.0,36.0,-23.508564417966166,-46.37342408783671,,,,,,,,,,,,,8.0,4.0,4.0,2.0,2.0,16.0,,,,6.0,50.0,,7.0,0.0,,10.0,16.0,3.0,,,,5.0,,,591.01,74851
74851,205,36,-23.504280302907986,-46.37687565290556,2050047,0,348.96875,47,1,6032018,1,1,1,3,1,20500471,0,348.96875,1,3,2,1.0,0.0,1.0,0.0,0.0,1.0,0.0,0.0,1.0,0.0,1.0,0.0,0.0,0.0,1,5.0,22.0,2010.0,,,1200.0,1,2050047103,0,752.15167,3,3,3,2,2,1,6,2,0.0,205.0,36.0,359773.0,7399510.0,1.0,,,,,,,,,,,,,,,,,,,2.0,852.287237,2.0,2,205.0,36.0,-23.508564417966166,-46.37342408783671,205.0,36.0,-23.504280302907986,-46.37687565290556,,,,,,,,,,,,,4.0,8.0,4.0,2.0,2.0,16.0,,,,16.0,30.0,,16.0,40.0,,10.0,16.0,3.0,,,,5.0,,,591.01,74852
79976,222,36,-23.560264919305236,-46.46181787732613,2220013,0,459.230769,13,1,12032018,1,1,1,3,1,22200131,0,459.230769,1,3,1,1.0,0.0,1.0,1.0,0.0,0.0,1.0,1.0,1.0,1.0,1.0,0.0,0.0,0.0,1,3.0,30.0,2013.0,,,3800.0,1,2220013103,0,278.044985,3,3,15,1,4,3,8,2,0.0,214.0,36.0,343738.0,7395647.0,1.0,,,,,,,,,,,,,,,,,,,4.0,315.061711,6.0,5,222.0,36.0,-23.560264919305236,-46.46181787732613,190.0,36.0,-23.556390456942214,-46.44639479645975,,,,,,,,,,,,,8.0,7.0,7.0,2.0,2.0,16.0,,,,19.0,0.0,,19.0,30.0,,30.0,16.0,3.0,,,,5.0,,,1631.85,79977
79977,222,36,-23.560264919305236,-46.46181787732613,2220013,0,459.230769,13,1,12032018,1,1,1,3,1,22200131,0,459.230769,1,3,1,1.0,0.0,1.0,1.0,0.0,0.0,1.0,1.0,1.0,1.0,1.0,0.0,0.0,0.0,1,3.0,30.0,2013.0,,,3800.0,1,2220013103,0,278.044985,3,3,15,1,4,3,8,2,0.0,214.0,36.0,343738.0,7395647.0,1.0,,,,,,,,,,,,,,,,,,,5.0,315.061711,6.0,5,190.0,36.0,-23.556390456942214,-46.44639479645975,222.0,36.0,-23.560264919305236,-46.46181787732613,,,,,,,,,,,,,7.0,8.0,7.0,2.0,2.0,16.0,,,,22.0,10.0,,22.0,40.0,,30.0,16.0,3.0,,,,5.0,,,1631.85,79978
83609,232,36,-23.61566835732259,-46.43377451605515,2320004,1,183.782609,4,1,18052018,1,1,1,3,1,23200041,1,183.782609,1,3,2,2.0,0.0,1.0,1.0,0.0,0.0,1.0,1.0,1.0,1.0,1.0,1.0,0.0,1.0,1,2.0,38.0,2009.0,,,7500.0,1,2320004101,1,171.792767,1,1,45,2,1,5,1,1,5000.0,,,,,,232.0,36.0,-23.59620360603934,-46.43609104797839,2.0,2.0,2.0,11.0,3.0,,,,,,,,,,1.0,194.663907,5.0,2,232.0,36.0,-23.61566835732259,-46.43377451605515,232.0,36.0,-23.59620360603934,-46.43609104797839,,,,,,,,,,,,,8.0,3.0,3.0,2.0,2.0,16.0,,,,6.0,30.0,,6.0,50.0,,20.0,16.0,3.0,,,,5.0,,,2168.4,83610
83610,232,36,-23.61566835732259,-46.43377451605515,2320004,0,183.782609,4,1,18052018,1,1,1,3,1,23200041,0,183.782609,1,3,2,2.0,0.0,1.0,1.0,0.0,0.0,1.0,1.0,1.0,1.0,1.0,1.0,0.0,1.0,1,2.0,38.0,2009.0,,,7500.0,1,2320004101,0,171.792767,1,1,45,2,1,5,1,1,5000.0,,,,,,232.0,36.0,-23.59620360603934,-46.43609104797839,2.0,2.0,2.0,11.0,3.0,,,,,,,,,,2.0,194.663907,5.0,2,232.0,36.0,-23.59620360603934,-46.43609104797839,232.0,36.0,-23.61566835732259,-46.43377451605515,,,,,,,,,,,,,3.0,8.0,3.0,2.0,2.0,16.0,,,,13.0,0.0,,13.0,30.0,,30.0,16.0,3.0,,,,5.0,,,2168.4,83611
85609,237,36,-23.593851713635885,-46.598247087835134,2370789,0,23.7,789,1,6032018,1,1,1,4,1,23707891,0,23.7,1,4,2,2.0,0.0,1.0,1.0,0.0,0.0,1.0,1.0,1.0,1.0,1.0,0.0,0.0,0.0,1,3.0,32.0,2010.0,,,5000.0,3,2370789103,1,41.241287,3,3,20,2,1,4,5,2,0.0,,,,,,,,,,,,,,,,,,,,,,,,1.0,46.731828,2.0,2,237.0,36.0,-23.593851713635885,-46.598247087835134,238.0,36.0,-23.602704494696468,-46.60233290702877,,,,,,,,,,,,,8.0,5.0,5.0,2.0,2.0,16.0,,,,14.0,0.0,,14.0,30.0,,30.0,16.0,3.0,,,,5.0,,,1065.39,85610
85610,237,36,-23.593851713635885,-46.598247087835134,2370789,0,23.7,789,1,6032018,1,1,1,4,1,23707891,0,23.7,1,4,2,2.0,0.0,1.0,1.0,0.0,0.0,1.0,1.0,1.0,1.0,1.0,0.0,0.0,0.0,1,3.0,32.0,2010.0,,,5000.0,3,2370789103,0,41.241287,3,3,20,2,1,4,5,2,0.0,,,,,,,,,,,,,,,,,,,,,,,,2.0,46.731828,2.0,2,238.0,36.0,-23.602704494696468,-46.60233290702877,237.0,36.0,-23.593851713635885,-46.598247087835134,,,,,,,,,,,,,5.0,8.0,5.0,2.0,2.0,16.0,,,,15.0,30.0,,16.0,0.0,,30.0,16.0,3.0,,,,5.0,,,1065.39,85611
88204,244,36,-23.622477146213047,-46.59129265579834,2441431,0,384.714286,1431,1,13032018,1,1,1,5,1,24414311,0,384.714286,1,5,1,2.0,0.0,1.0,0.0,0.0,0.0,1.0,1.0,1.0,0.0,1.0,0.0,0.0,0.0,1,4.0,28.0,2005.0,,,3934.0,1,2441431101,0,394.175811,1,1,44,1,1,3,1,1,1500.0,,,,,,137.0,36.0,-23.500760865426408,-46.648156055144185,2.0,2.0,5.0,14.0,1.0,,,,,,,,,,2.0,446.653283,2.0,2,246.0,36.0,-23.641325202154775,-46.60077375702199,244.0,36.0,-23.622477146213047,-46.59129265579834,,,,,,,,,,,,,3.0,8.0,3.0,2.0,2.0,16.0,,,,18.0,0.0,,20.0,0.0,,120.0,16.0,3.0,,,,5.0,,,2300.6,88205
92488,260,36,-23.61371685582459,-46.52113457826096,2600338,1,219.882353,338,1,29062018,1,1,0,5,1,26003381,1,219.882353,1,5,2,1.0,0.0,0.0,0.0,0.0,0.0,1.0,1.0,1.0,1.0,1.0,0.0,0.0,0.0,1,5.0,22.0,,,,2323.9,3,2600338101,1,228.350289,1,1,42,1,1,4,1,3,,,,,,,258.0,36.0,-23.605658971709875,-46.536985767775384,2.0,2.0,8.0,3.0,1.0,,,,,,,,,,1.0,258.751054,5.0,2,260.0,36.0,-23.61371685582459,-46.52113457826096,258.0,36.0,-23.605658971709875,-46.536985767775384,,,,,,,,,,,,,8.0,1.0,1.0,2.0,2.0,16.0,,,,7.0,30.0,,8.0,0.0,,30.0,16.0,3.0,,,,5.0,,,1847.36,92489
92489,260,36,-23.61371685582459,-46.52113457826096,2600338,0,219.882353,338,1,29062018,1,1,0,5,1,26003381,0,219.882353,1,5,2,1.0,0.0,0.0,0.0,0.0,0.0,1.0,1.0,1.0,1.0,1.0,0.0,0.0,0.0,1,5.0,22.0,,,,2323.9,3,2600338101,0,228.350289,1,1,42,1,1,4,1,3,,,,,,,258.0,36.0,-23.605658971709875,-46.536985767775384,2.0,2.0,8.0,3.0,1.0,,,,,,,,,,2.0,258.751054,5.0,2,258.0,36.0,-23.605658971709875,-46.536985767775384,260.0,36.0,-23.61371685582459,-46.52113457826096,,,,,,,,,,,,,1.0,8.0,1.0,2.0,2.0,16.0,,,,17.0,0.0,,17.0,30.0,,30.0,16.0,3.0,,,,5.0,,,1847.36,92490
93467,263,36,-23.623370499717478,-46.49699806000358,2630307,0,255.368421,307,1,30112017,1,1,1,2,1,26303071,0,255.368421,1,2,1,1.0,0.0,1.0,0.0,0.0,0.0,1.0,1.0,1.0,1.0,1.0,0.0,0.0,0.0,1,4.0,25.0,,,,2732.58,3,2630307101,0,322.621888,1,1,25,2,1,3,5,3,,,,,,,,,,,,,,,,,,,,,,,,,2.0,365.573233,4.0,2,263.0,36.0,-23.61389807361859,-46.4959887833452,263.0,36.0,-23.623370499717478,-46.49699806000358,,,,,,,,,,,,,10.0,8.0,10.0,2.0,2.0,16.0,,,,14.0,50.0,,15.0,10.0,,20.0,16.0,3.0,,,,5.0,,,1054.02,93468
96325,272,36,-23.64068436255866,-46.659156656500656,2720005,0,58.4,5,1,30052018,1,1,1,2,1,27200051,0,58.4,1,2,2,1.0,0.0,0.0,0.0,0.0,1.0,0.0,0.0,0.0,0.0,0.0,0.0,0.0,0.0,1,6.0,15.0,,,,1592.4,3,2720005102,1,93.661373,2,3,17,2,4,3,8,2,0.0,273.0,36.0,330928.0,7383604.0,1.0,,,,,,,,,,,,,,,,,,,1.0,106.130713,5.0,2,272.0,36.0,-23.64068436255866,-46.659156656500656,273.0,36.0,-23.649432505761535,-46.65765935631587,,,,,,,,,,,,,8.0,4.0,4.0,2.0,2.0,16.0,,,,6.0,30.0,,7.0,0.0,,30.0,16.0,3.0,,,,5.0,,,980.81,96326
96326,272,36,-23.64068436255866,-46.659156656500656,2720005,0,58.4,5,1,30052018,1,1,1,2,1,27200051,0,58.4,1,2,2,1.0,0.0,0.0,0.0,0.0,1.0,0.0,0.0,0.0,0.0,0.0,0.0,0.0,0.0,1,6.0,15.0,,,,1592.4,3,2720005102,0,93.661373,2,3,17,2,4,3,8,2,0.0,273.0,36.0,330928.0,7383604.0,1.0,,,,,,,,,,,,,,,,,,,2.0,106.130713,5.0,2,273.0,36.0,-23.649432505761535,-46.65765935631587,272.0,36.0,-23.64068436255866,-46.659156656500656,,,,,,,,,,,,,4.0,8.0,4.0,2.0,2.0,16.0,,,,12.0,30.0,,13.0,0.0,,30.0,16.0,3.0,,,,5.0,,,980.81,96327
98049,276,36,-23.66957504800748,-46.635059902683,2760027,0,563.862069,27,1,15032018,1,1,1,2,1,27600271,0,563.862069,1,2,2,1.0,0.0,0.0,1.0,0.0,0.0,1.0,1.0,1.0,1.0,1.0,0.0,0.0,0.0,1,4.0,24.0,,,,2588.93,3,2760027101,0,407.449536,1,1,76,2,1,2,4,3,,,,,,,,,,,,,,,,,,,,,,,,,2.0,461.694168,4.0,4,249.0,36.0,-23.633967261509607,-46.627501398131265,276.0,36.0,-23.66957504800748,-46.635059902683,,,,,,,,,,,,,7.0,8.0,7.0,2.0,2.0,16.0,,,,10.0,30.0,,11.0,30.0,,60.0,16.0,3.0,,,,5.0,,,4018.13,98050
101865,285,36,-23.693086609503826,-46.6387552772294,2850340,0,413.0,340,1,7082018,1,1,1,5,1,28503401,0,413.0,1,5,2,1.0,0.0,0.0,0.0,0.0,0.0,1.0,1.0,1.0,0.0,1.0,0.0,0.0,0.0,1,5.0,20.0,,,,2085.99,3,2850340104,1,474.691723,4,3,13,1,3,2,8,2,0.0,285.0,36.0,333686.0,7378200.0,1.0,,,,,,,,,,,,,,,,,,,1.0,537.888451,2.0,2,285.0,36.0,-23.693086609503826,-46.6387552772294,285.0,36.0,-23.69851191356362,-46.63123291563562,,,,,,,,,,,,,8.0,4.0,4.0,2.0,2.0,16.0,,,,6.0,30.0,,7.0,0.0,,30.0,16.0,3.0,,,,5.0,,,974.44,101866
101866,285,36,-23.693086609503826,-46.6387552772294,2850340,0,413.0,340,1,7082018,1,1,1,5,1,28503401,0,413.0,1,5,2,1.0,0.0,0.0,0.0,0.0,0.0,1.0,1.0,1.0,0.0,1.0,0.0,0.0,0.0,1,5.0,20.0,,,,2085.99,3,2850340104,0,474.691723,4,3,13,1,3,2,8,2,0.0,285.0,36.0,333686.0,7378200.0,1.0,,,,,,,,,,,,,,,,,,,2.0,537.888451,2.0,2,285.0,36.0,-23.69851191356362,-46.63123291563562,285.0,36.0,-23.693086609503826,-46.6387552772294,,,,,,,,,,,,,4.0,8.0,4.0,2.0,2.0,16.0,,,,12.0,0.0,,12.0,30.0,,30.0,16.0,3.0,,,,5.0,,,974.44,101867
109429,305,36,-23.667116865981114,-46.74451815576815,3051126,0,192.176234,1126,1,5082018,1,1,1,4,1,30511261,0,192.176234,1,4,2,2.0,0.0,0.0,0.0,0.0,0.0,1.0,1.0,1.0,0.0,0.0,0.0,0.0,0.0,1,4.0,23.0,,,,2452.84,3,3051126102,1,291.315901,2,4,24,2,1,4,1,3,,,,,,,304.0,36.0,-23.647433273066426,-46.74679577364537,2.0,2.0,6.0,4.0,1.0,,,,,,,,,,1.0,330.099413,6.0,2,305.0,36.0,-23.667116865981114,-46.74451815576815,304.0,36.0,-23.647433273066426,-46.74679577364537,,,,,,,,,,,,,8.0,2.0,2.0,2.0,2.0,16.0,,,,13.0,0.0,,13.0,40.0,,40.0,16.0,3.0,,,,5.0,,,2192.35,109430
109430,305,36,-23.667116865981114,-46.74451815576815,3051126,0,192.176234,1126,1,5082018,1,1,1,4,1,30511261,0,192.176234,1,4,2,2.0,0.0,0.0,0.0,0.0,0.0,1.0,1.0,1.0,0.0,0.0,0.0,0.0,0.0,1,4.0,23.0,,,,2452.84,3,3051126102,0,291.315901,2,4,24,2,1,4,1,3,,,,,,,304.0,36.0,-23.647433273066426,-46.74679577364537,2.0,2.0,6.0,4.0,1.0,,,,,,,,,,2.0,330.099413,6.0,2,304.0,36.0,-23.647433273066426,-46.74679577364537,305.0,36.0,-23.667116865981114,-46.74451815576815,,,,,,,,,,,,,2.0,8.0,2.0,2.0,2.0,16.0,,,,22.0,0.0,,22.0,40.0,,40.0,16.0,3.0,,,,5.0,,,2192.35,109431
117074,320,36,-23.616895738270493,-46.727310227536364,3200399,1,199.378478,399,1,30062018,1,1,1,1,1,32003991,1,199.378478,1,1,2,1.0,0.0,0.0,0.0,0.0,0.0,1.0,1.0,1.0,0.0,0.0,0.0,0.0,0.0,1,5.0,18.0,,,,1450.0,1,3200399101,1,242.166752,1,1,45,2,1,2,1,1,1450.0,,,,,,327.0,36.0,-23.60211488226822,-46.72801799963263,2.0,2.0,5.0,14.0,2.0,,,,,,,,,,1.0,274.406932,3.0,2,320.0,36.0,-23.616895738270493,-46.727310227536364,327.0,36.0,-23.60211488226822,-46.72801799963263,,,,,,,,,,,,,8.0,3.0,3.0,2.0,2.0,16.0,,,,8.0,30.0,,9.0,0.0,,30.0,16.0,3.0,,,,5.0,,,1638.58,117075
117075,320,36,-23.616895738270493,-46.727310227536364,3200399,0,199.378478,399,1,30062018,1,1,1,1,1,32003991,0,199.378478,1,1,2,1.0,0.0,0.0,0.0,0.0,0.0,1.0,1.0,1.0,0.0,0.0,0.0,0.0,0.0,1,5.0,18.0,,,,1450.0,1,3200399101,0,242.166752,1,1,45,2,1,2,1,1,1450.0,,,,,,327.0,36.0,-23.60211488226822,-46.72801799963263,2.0,2.0,5.0,14.0,2.0,,,,,,,,,,2.0,274.406932,3.0,2,327.0,36.0,-23.60211488226822,-46.72801799963263,320.0,36.0,-23.616895738270493,-46.727310227536364,,,,,,,,,,,,,3.0,8.0,3.0,2.0,2.0,16.0,,,,17.0,0.0,,17.0,30.0,,30.0,16.0,3.0,,,,5.0,,,1638.58,117076
134264,377,15,-23.4466688917241,-46.40144372338077,3770128,1,616.87234,128,1,9032018,1,1,1,3,1,37701281,1,616.87234,1,3,1,1.0,0.0,0.0,1.0,0.0,0.0,1.0,1.0,1.0,0.0,1.0,0.0,0.0,0.0,1,4.0,26.0,,,,1500.0,1,3770128101,1,601.781825,1,1,31,1,1,4,1,1,1500.0,,,,,,376.0,15.0,-23.425110987561556,-46.419517606237676,2.0,2.0,5.0,5.0,1.0,,,,,,,,,,1.0,681.898331,5.0,2,377.0,15.0,-23.4466688917241,-46.40144372338077,376.0,15.0,-23.425110987561556,-46.419517606237676,,,,,,,,,,,,,8.0,3.0,3.0,2.0,2.0,16.0,,,,9.0,0.0,,9.0,40.0,,40.0,16.0,3.0,,,,5.0,,,3018.12,134265
134265,377,15,-23.4466688917241,-46.40144372338077,3770128,0,616.87234,128,1,9032018,1,1,1,3,1,37701281,0,616.87234,1,3,1,1.0,0.0,0.0,1.0,0.0,0.0,1.0,1.0,1.0,0.0,1.0,0.0,0.0,0.0,1,4.0,26.0,,,,1500.0,1,3770128101,0,601.781825,1,1,31,1,1,4,1,1,1500.0,,,,,,376.0,15.0,-23.425110987561556,-46.419517606237676,2.0,2.0,5.0,5.0,1.0,,,,,,,,,,2.0,681.898331,5.0,2,376.0,15.0,-23.425110987561556,-46.419517606237676,377.0,15.0,-23.4466688917241,-46.40144372338077,,,,,,,,,,,,,3.0,8.0,3.0,2.0,2.0,16.0,,,,19.0,0.0,,19.0,45.0,,45.0,16.0,3.0,,,,5.0,,,3018.12,134266
137833,391,11,-23.557016939355385,-46.36099570345011,3910372,0,277.878508,372,1,3052018,1,1,1,5,1,39103721,0,277.878508,1,5,2,1.0,0.0,0.0,0.0,0.0,1.0,0.0,0.0,1.0,0.0,1.0,0.0,0.0,0.0,1,5.0,17.0,,,,3080.0,1,3910372103,1,376.76742,3,4,17,2,1,4,5,1,230.0,,,,,,,,,,,,,,,,,,,,,,,,1.0,426.927276,4.0,2,391.0,11.0,-23.557016939355385,-46.36099570345011,395.0,26.0,-23.509470240813936,-46.34413249225823,,,,,,,,,,,,,8.0,10.0,10.0,2.0,2.0,16.0,,,,8.0,0.0,,8.0,50.0,,50.0,16.0,3.0,,,,5.0,,,5539.36,137834
137834,391,11,-23.557016939355385,-46.36099570345011,3910372,0,277.878508,372,1,3052018,1,1,1,5,1,39103721,0,277.878508,1,5,2,1.0,0.0,0.0,0.0,0.0,1.0,0.0,0.0,1.0,0.0,1.0,0.0,0.0,0.0,1,5.0,17.0,,,,3080.0,1,3910372103,0,376.76742,3,4,17,2,1,4,5,1,230.0,,,,,,,,,,,,,,,,,,,,,,,,2.0,426.927276,4.0,2,395.0,26.0,-23.509470240813936,-46.34413249225823,391.0,11.0,-23.557016939355385,-46.36099570345011,,,,,,,,,,,,,10.0,8.0,10.0,2.0,2.0,16.0,,,,12.0,0.0,,12.0,30.0,,30.0,16.0,3.0,,,,5.0,,,5539.36,137835
140440,398,18,-23.44247426918391,-46.34757460922262,3980044,0,291.450028,44,1,15032018,1,1,1,1,1,39800441,0,291.450028,1,1,2,1.0,0.0,0.0,0.0,0.0,0.0,1.0,1.0,1.0,1.0,1.0,0.0,0.0,1.0,1,5.0,20.0,,,,2085.99,3,3980044101,0,339.152767,1,1,60,2,1,1,5,3,,,,,,,,,,,,,,,,,,,,,,,,,3.0,384.304903,4.0,3,398.0,18.0,-23.45178682022444,-46.33586368073595,398.0,18.0,-23.44247426918391,-46.34757460922262,,,,,,,,,,,,,6.0,8.0,6.0,2.0,2.0,16.0,,,,12.0,20.0,,13.0,0.0,,40.0,16.0,3.0,,,,5.0,,,1579.5,140441
147414,416,14,-23.42543333274752,-46.02530020624689,4160385,1,212.0,385,1,21042018,1,1,1,2,1,41603851,1,212.0,1,2,2,1.0,0.0,0.0,1.0,0.0,0.0,1.0,1.0,1.0,1.0,1.0,0.0,0.0,0.0,1,3.0,30.0,,,,3579.58,3,4160385101,1,185.500195,1,1,43,2,1,5,1,3,,,,,,,416.0,14.0,-23.41192568084273,-46.03425859910437,2.0,2.0,3.0,11.0,3.0,,,,,,,,,,1.0,210.196235,4.0,2,416.0,14.0,-23.42543333274752,-46.02530020624689,416.0,14.0,-23.41192568084273,-46.03425859910437,,,,,,,,,,,,,8.0,3.0,3.0,2.0,2.0,16.0,,,,7.0,30.0,,7.0,55.0,,25.0,16.0,3.0,,,,5.0,,,1753.45,147415
147415,416,14,-23.42543333274752,-46.02530020624689,4160385,0,212.0,385,1,21042018,1,1,1,2,1,41603851,0,212.0,1,2,2,1.0,0.0,0.0,1.0,0.0,0.0,1.0,1.0,1.0,1.0,1.0,0.0,0.0,0.0,1,3.0,30.0,,,,3579.58,3,4160385101,0,185.500195,1,1,43,2,1,5,1,3,,,,,,,416.0,14.0,-23.41192568084273,-46.03425859910437,2.0,2.0,3.0,11.0,3.0,,,,,,,,,,2.0,210.196235,4.0,2,416.0,14.0,-23.41192568084273,-46.03425859910437,416.0,14.0,-23.42543333274752,-46.02530020624689,,,,,,,,,,,,,3.0,8.0,3.0,2.0,2.0,16.0,,,,19.0,0.0,,19.0,25.0,,25.0,16.0,3.0,,,,5.0,,,1753.45,147416
150590,426,32,-23.636920756046408,-46.54534905019891,4260834,0,164.176471,834,1,23082018,1,1,1,3,1,42608341,0,164.176471,1,3,2,2.0,0.0,2.0,2.0,0.0,0.0,1.0,1.0,1.0,2.0,1.0,0.0,1.0,1.0,1,1.0,46.0,2010.0,2012.0,,8493.02,3,4260834102,0,109.616845,2,4,71,1,1,4,4,1,4200.0,,,,,,,,,,,,,,,,,,,,,,,,3.0,124.210371,4.0,6,426.0,32.0,-23.636920756046408,-46.54534905019891,426.0,32.0,-23.639550658758466,-46.5451446761236,,,,,,,,,,,,,8.0,4.0,4.0,2.0,1.0,16.0,,,,12.0,30.0,,12.0,55.0,,25.0,16.0,3.0,,,,5.0,,,291.99,150591
150593,426,32,-23.636920756046408,-46.54534905019891,4260834,0,164.176471,834,1,23082018,1,1,1,3,1,42608341,0,164.176471,1,3,2,2.0,0.0,2.0,2.0,0.0,0.0,1.0,1.0,1.0,2.0,1.0,0.0,1.0,1.0,1,1.0,46.0,2010.0,2012.0,,8493.02,3,4260834102,0,109.616845,2,4,71,1,1,4,4,1,4200.0,,,,,,,,,,,,,,,,,,,,,,,,6.0,124.210371,4.0,6,426.0,32.0,-23.639550658758466,-46.5451446761236,426.0,32.0,-23.636920756046408,-46.54534905019891,,,,,,,,,,,,,4.0,8.0,4.0,1.0,2.0,16.0,,,,17.0,30.0,,17.0,45.0,,15.0,16.0,3.0,,,,5.0,,,291.99,150594
150594,426,32,-23.636920756046408,-46.54534905019891,4260834,0,164.176471,834,1,23082018,1,1,1,3,1,42608341,0,164.176471,1,3,2,2.0,0.0,2.0,2.0,0.0,0.0,1.0,1.0,1.0,2.0,1.0,0.0,1.0,1.0,1,1.0,46.0,2010.0,2012.0,,8493.02,3,4260834103,1,528.856691,3,3,6,2,2,1,8,3,,426.0,32.0,342394.0,7384827.0,2.0,,,,,,,,,,,,,,,,,,,1.0,599.264518,4.0,2,426.0,32.0,-23.636920756046408,-46.54534905019891,426.0,32.0,-23.639550658758466,-46.5451446761236,,,,,,,,,,,,,8.0,4.0,4.0,2.0,2.0,16.0,,,,12.0,30.0,,12.0,55.0,,25.0,16.0,3.0,,,,5.0,,,291.99,150595
150595,426,32,-23.636920756046408,-46.54534905019891,4260834,0,164.176471,834,1,23082018,1,1,1,3,1,42608341,0,164.176471,1,3,2,2.0,0.0,2.0,2.0,0.0,0.0,1.0,1.0,1.0,2.0,1.0,0.0,1.0,1.0,1,1.0,46.0,2010.0,2012.0,,8493.02,3,4260834103,0,528.856691,3,3,6,2,2,1,8,3,,426.0,32.0,342394.0,7384827.0,2.0,,,,,,,,,,,,,,,,,,,2.0,599.264518,4.0,2,426.0,32.0,-23.639550658758466,-46.5451446761236,426.0,32.0,-23.636920756046408,-46.54534905019891,,,,,,,,,,,,,4.0,8.0,4.0,2.0,2.0,16.0,,,,17.0,30.0,,17.0,45.0,,15.0,16.0,3.0,,,,5.0,,,291.99,150596
150661,427,32,-23.619778282226754,-46.54198223725172,4270002,0,169.666667,2,1,31102017,1,1,1,3,1,42700021,0,169.666667,1,3,1,1.0,0.0,0.0,0.0,0.0,1.0,0.0,0.0,1.0,1.0,1.0,0.0,0.0,2.0,1,5.0,17.0,,,,2050.0,1,4270002103,1,241.343877,3,3,15,1,4,3,8,2,0.0,427.0,32.0,343806.0,7385328.0,1.0,,,,,,,,,,,,,,,,,,,1.0,273.474506,2.0,2,427.0,32.0,-23.619778282226754,-46.54198223725172,427.0,32.0,-23.635164178771007,-46.531252877297355,,,,,,,,,,,,,8.0,4.0,4.0,2.0,2.0,16.0,,,,6.0,30.0,,7.0,0.0,,30.0,16.0,3.0,,,,5.0,,,2025.25,150662
150662,427,32,-23.619778282226754,-46.54198223725172,4270002,0,169.666667,2,1,31102017,1,1,1,3,1,42700021,0,169.666667,1,3,1,1.0,0.0,0.0,0.0,0.0,1.0,0.0,0.0,1.0,1.0,1.0,0.0,0.0,2.0,1,5.0,17.0,,,,2050.0,1,4270002103,0,241.343877,3,3,15,1,4,3,8,2,0.0,427.0,32.0,343806.0,7385328.0,1.0,,,,,,,,,,,,,,,,,,,2.0,273.474506,2.0,2,427.0,32.0,-23.635164178771007,-46.531252877297355,427.0,32.0,-23.619778282226754,-46.54198223725172,,,,,,,,,,,,,4.0,8.0,4.0,2.0,2.0,16.0,,,,12.0,0.0,,12.0,20.0,,20.0,16.0,3.0,,,,5.0,,,2025.25,150663
151925,431,32,-23.67958995241219,-46.482498529881646,4310314,1,524.5,314,1,15092018,1,1,1,4,1,43103141,1,524.5,1,4,1,1.0,0.0,0.0,0.0,0.0,0.0,1.0,1.0,1.0,1.0,1.0,0.0,0.0,1.0,1,4.0,24.0,,,,2588.93,3,4310314101,1,806.885371,1,1,25,1,1,4,1,3,,,,,,,431.0,32.0,-23.665990034994184,-46.494698604533966,2.0,2.0,6.0,4.0,1.0,,,,,,,,,,1.0,914.307753,6.0,2,431.0,32.0,-23.67958995241219,-46.482498529881646,431.0,32.0,-23.665990034994184,-46.494698604533966,,,,,,,,,,,,,8.0,2.0,2.0,2.0,2.0,16.0,,,,12.0,0.0,,12.0,30.0,,30.0,16.0,3.0,,,,5.0,,,1953.62,151926
151926,431,32,-23.67958995241219,-46.482498529881646,4310314,0,524.5,314,1,15092018,1,1,1,4,1,43103141,0,524.5,1,4,1,1.0,0.0,0.0,0.0,0.0,0.0,1.0,1.0,1.0,1.0,1.0,0.0,0.0,1.0,1,4.0,24.0,,,,2588.93,3,4310314101,0,806.885371,1,1,25,1,1,4,1,3,,,,,,,431.0,32.0,-23.665990034994184,-46.494698604533966,2.0,2.0,6.0,4.0,1.0,,,,,,,,,,2.0,914.307753,6.0,2,431.0,32.0,-23.665990034994184,-46.494698604533966,431.0,32.0,-23.67958995241219,-46.482498529881646,,,,,,,,,,,,,2.0,8.0,2.0,2.0,2.0,16.0,,,,22.0,0.0,,22.0,30.0,,30.0,16.0,3.0,,,,5.0,,,1953.62,151927
152321,432,32,-23.68851252043037,-46.5298053227706,4320307,1,557.833333,307,1,10032018,1,1,1,2,1,43203071,1,557.833333,1,2,1,1.0,0.0,0.0,0.0,0.0,1.0,0.0,0.0,1.0,1.0,0.0,0.0,0.0,0.0,1,6.0,16.0,,,,500.0,1,4320307101,1,408.720141,1,1,19,2,1,3,5,2,0.0,,,,,,,,,,,,,,,,,,,,,,,,1.0,463.133931,6.0,2,432.0,32.0,-23.68851252043037,-46.5298053227706,432.0,32.0,-23.681455726977077,-46.52563426594986,,,,,,,,,,,,,8.0,7.0,7.0,2.0,2.0,16.0,,,,19.0,0.0,,19.0,30.0,,30.0,16.0,3.0,,,,5.0,,,889.77,152322
152322,432,32,-23.68851252043037,-46.5298053227706,4320307,0,557.833333,307,1,10032018,1,1,1,2,1,43203071,0,557.833333,1,2,1,1.0,0.0,0.0,0.0,0.0,1.0,0.0,0.0,1.0,1.0,0.0,0.0,0.0,0.0,1,6.0,16.0,,,,500.0,1,4320307101,0,408.720141,1,1,19,2,1,3,5,2,0.0,,,,,,,,,,,,,,,,,,,,,,,,2.0,463.133931,6.0,2,432.0,32.0,-23.681455726977077,-46.52563426594986,432.0,32.0,-23.68851252043037,-46.5298053227706,,,,,,,,,,,,,7.0,8.0,7.0,2.0,2.0,16.0,,,,23.0,0.0,,23.0,30.0,,30.0,16.0,3.0,,,,5.0,,,889.77,152323
152325,432,32,-23.68851252043037,-46.5298053227706,4320307,0,557.833333,307,1,10032018,1,1,1,2,1,43203071,0,557.833333,1,2,1,1.0,0.0,0.0,0.0,0.0,1.0,0.0,0.0,1.0,1.0,0.0,0.0,0.0,0.0,1,6.0,16.0,,,,500.0,1,4320307102,0,408.720141,2,2,18,1,1,3,2,1,500.0,,,,,,432.0,32.0,-23.688931392719997,-46.5312810961294,2.0,2.0,5.0,8.0,4.0,,,,,,,,,,3.0,463.133931,6.0,4,432.0,32.0,-23.68851252043037,-46.5298053227706,432.0,32.0,-23.681455726977077,-46.52563426594986,,,,,,,,,,,,,8.0,7.0,7.0,2.0,2.0,16.0,,,,19.0,0.0,,19.0,30.0,,30.0,16.0,3.0,,,,5.0,,,889.77,152326
152326,432,32,-23.68851252043037,-46.5298053227706,4320307,0,557.833333,307,1,10032018,1,1,1,2,1,43203071,0,557.833333,1,2,1,1.0,0.0,0.0,0.0,0.0,1.0,0.0,0.0,1.0,1.0,0.0,0.0,0.0,0.0,1,6.0,16.0,,,,500.0,1,4320307102,0,408.720141,2,2,18,1,1,3,2,1,500.0,,,,,,432.0,32.0,-23.688931392719997,-46.5312810961294,2.0,2.0,5.0,8.0,4.0,,,,,,,,,,4.0,463.133931,6.0,4,432.0,32.0,-23.681455726977077,-46.52563426594986,432.0,32.0,-23.68851252043037,-46.5298053227706,,,,,,,,,,,,,7.0,8.0,7.0,2.0,2.0,16.0,,,,23.0,0.0,,23.0,30.0,,30.0,16.0,3.0,,,,5.0,,,889.77,152327
155238,439,22,-23.651861040330882,-46.41737534982291,4390021,0,120.758621,21,1,21022018,1,1,1,3,1,43900211,0,120.758621,1,3,2,3.0,0.0,1.0,1.0,0.0,0.0,1.0,1.0,1.0,1.0,1.0,1.0,0.0,1.0,1,2.0,38.0,2010.0,,,4000.0,1,4390021102,1,153.629831,2,2,29,2,1,4,7,2,0.0,,,,,,,,,,,,,,,,,,,,,,,,1.0,174.082901,3.0,2,439.0,22.0,-23.651861040330882,-46.41737534982291,438.0,22.0,-23.657797864187614,-46.423880534241015,,,,,,,,,,,,,8.0,4.0,4.0,2.0,1.0,16.0,,,,12.0,20.0,,12.0,40.0,,20.0,16.0,3.0,,,,5.0,,,934.1,155239
155239,439,22,-23.651861040330882,-46.41737534982291,4390021,0,120.758621,21,1,21022018,1,1,1,3,1,43900211,0,120.758621,1,3,2,3.0,0.0,1.0,1.0,0.0,0.0,1.0,1.0,1.0,1.0,1.0,1.0,0.0,1.0,1,2.0,38.0,2010.0,,,4000.0,1,4390021102,0,153.629831,2,2,29,2,1,4,7,2,0.0,,,,,,,,,,,,,,,,,,,,,,,,2.0,174.082901,3.0,2,438.0,22.0,-23.657797864187614,-46.423880534241015,439.0,22.0,-23.651861040330882,-46.41737534982291,,,,,,,,,,,,,4.0,8.0,4.0,1.0,2.0,16.0,,,,12.0,45.0,,13.0,5.0,,20.0,16.0,3.0,,,,5.0,,,934.1,155240
155240,439,22,-23.651861040330882,-46.41737534982291,4390021,0,120.758621,21,1,21022018,1,1,1,3,1,43900211,0,120.758621,1,3,2,3.0,0.0,1.0,1.0,0.0,0.0,1.0,1.0,1.0,1.0,1.0,1.0,0.0,1.0,1,2.0,38.0,2010.0,,,4000.0,1,4390021103,1,166.103124,3,3,7,1,3,1,8,2,0.0,438.0,22.0,354785.0,7382935.0,1.0,,,,,,,,,,,,,,,,,,,1.0,188.21679,3.0,2,439.0,22.0,-23.651861040330882,-46.41737534982291,438.0,22.0,-23.657797864187614,-46.423880534241015,,,,,,,,,,,,,8.0,4.0,4.0,2.0,2.0,16.0,,,,12.0,20.0,,12.0,40.0,,20.0,16.0,3.0,,,,5.0,,,934.1,155241
160354,454,33,-23.714173408165262,-46.58576352294397,4540107,0,350.909091,107,1,27022018,1,1,1,5,1,45401071,0,350.909091,1,5,1,1.0,0.0,1.0,0.0,0.0,0.0,1.0,1.0,1.0,0.0,1.0,0.0,1.0,0.0,1,4.0,28.0,2006.0,,,3213.13,3,4540107102,1,356.765391,2,2,43,2,1,4,7,2,0.0,,,,,,,,,,,,,,,,,,,,,,,,1.0,404.262333,2.0,6,454.0,33.0,-23.714173408165262,-46.58576352294397,445.0,33.0,-23.719569991771206,-46.57727614034553,,,,,,,,,,,,,8.0,4.0,4.0,2.0,1.0,16.0,,,,12.0,40.0,,13.0,0.0,,20.0,16.0,3.0,,,,5.0,,,1051.73,160355
160355,454,33,-23.714173408165262,-46.58576352294397,4540107,0,350.909091,107,1,27022018,1,1,1,5,1,45401071,0,350.909091,1,5,1,1.0,0.0,1.0,0.0,0.0,0.0,1.0,1.0,1.0,0.0,1.0,0.0,1.0,0.0,1,4.0,28.0,2006.0,,,3213.13,3,4540107102,0,356.765391,2,2,43,2,1,4,7,2,0.0,,,,,,,,,,,,,,,,,,,,,,,,2.0,404.262333,2.0,6,445.0,33.0,-23.719569991771206,-46.57727614034553,454.0,33.0,-23.714173408165262,-46.58576352294397,,,,,,,,,,,,,4.0,8.0,4.0,1.0,2.0,16.0,,,,13.0,0.0,,13.0,20.0,,20.0,16.0,3.0,,,,5.0,,,1051.73,160356
160356,454,33,-23.714173408165262,-46.58576352294397,4540107,0,350.909091,107,1,27022018,1,1,1,5,1,45401071,0,350.909091,1,5,1,1.0,0.0,1.0,0.0,0.0,0.0,1.0,1.0,1.0,0.0,1.0,0.0,1.0,0.0,1,4.0,28.0,2006.0,,,3213.13,3,4540107102,0,356.765391,2,2,43,2,1,4,7,2,0.0,,,,,,,,,,,,,,,,,,,,,,,,3.0,404.262333,2.0,6,454.0,33.0,-23.714173408165262,-46.58576352294397,445.0,33.0,-23.719569991771206,-46.57727614034553,,,,,,,,,,,,,8.0,4.0,4.0,2.0,1.0,16.0,,,,17.0,30.0,,17.0,50.0,,20.0,16.0,3.0,,,,5.0,,,1051.73,160357
160357,454,33,-23.714173408165262,-46.58576352294397,4540107,0,350.909091,107,1,27022018,1,1,1,5,1,45401071,0,350.909091,1,5,1,1.0,0.0,1.0,0.0,0.0,0.0,1.0,1.0,1.0,0.0,1.0,0.0,1.0,0.0,1,4.0,28.0,2006.0,,,3213.13,3,4540107102,0,356.765391,2,2,43,2,1,4,7,2,0.0,,,,,,,,,,,,,,,,,,,,,,,,4.0,404.262333,2.0,6,445.0,33.0,-23.719569991771206,-46.57727614034553,454.0,33.0,-23.714173408165262,-46.58576352294397,,,,,,,,,,,,,4.0,8.0,4.0,1.0,2.0,16.0,,,,17.0,50.0,,18.0,20.0,,30.0,16.0,3.0,,,,5.0,,,1051.73,160358
160363,454,33,-23.714173408165262,-46.58576352294397,4540107,0,350.909091,107,1,27022018,1,1,1,5,1,45401071,0,350.909091,1,5,1,1.0,0.0,1.0,0.0,0.0,0.0,1.0,1.0,1.0,0.0,1.0,0.0,1.0,0.0,1,4.0,28.0,2006.0,,,3213.13,3,4540107105,1,403.603423,5,3,9,2,3,1,8,2,0.0,445.0,33.0,339214.0,7375930.0,1.0,,,,,,,,,,,,,,,,,,,1.0,457.336014,2.0,2,454.0,33.0,-23.714173408165262,-46.58576352294397,445.0,33.0,-23.719569991771206,-46.57727614034553,,,,,,,,,,,,,8.0,4.0,4.0,2.0,2.0,16.0,,,,12.0,40.0,,13.0,0.0,,20.0,16.0,3.0,,,,5.0,,,1051.73,160364
166063,470,16,-23.740682810228687,-46.90141774885464,4700301,0,52.625,301,1,16042018,1,1,1,5,1,47003011,0,52.625,1,5,2,2.0,0.0,0.0,0.0,0.0,1.0,0.0,0.0,1.0,1.0,0.0,0.0,0.0,2.0,1,5.0,22.0,,,,3002.0,1,4700301102,0,39.833856,2,3,14,1,3,2,8,2,0.0,470.0,16.0,306132.0,7372370.0,1.0,,,,,,,,,,,,,,,,,,,2.0,45.137023,6.0,2,470.0,16.0,-23.748059774153255,-46.902142850553965,470.0,16.0,-23.740682810228687,-46.90141774885464,,,,,,,,,,,,,4.0,8.0,4.0,2.0,2.0,16.0,,,,12.0,40.0,,12.0,55.0,,15.0,16.0,3.0,,,,5.0,,,820.42,166064
172898,492,24,-23.540252427621166,-46.77990095847542,4920958,0,279.307692,958,1,18082018,1,1,1,5,1,49209581,0,279.307692,1,5,1,,,,,,,,,,,,,,,0,,,,,,3966.35,4,4920958102,0,247.415949,2,2,37,2,1,4,1,3,,,,,,,492.0,24.0,-23.540252427621166,-46.77990095847542,3.0,2.0,6.0,4.0,4.0,,,,,,,,,,2.0,280.354966,6.0,4,492.0,24.0,-23.539375705761508,-46.77918399040737,490.0,24.0,-23.547175974620494,-46.77299106425381,,,,,,,,,,,,,4.0,2.0,2.0,1.0,2.0,16.0,,,,13.0,3.0,,13.0,30.0,,27.0,16.0,3.0,,,,5.0,,,1070.6,172899
174159,495,24,-23.5565469091577,-46.79050335012459,4952366,0,257.512195,2366,1,30042018,1,1,1,3,1,49523661,0,257.512195,1,3,2,1.0,0.0,0.0,0.0,1.0,1.0,0.0,0.0,1.0,0.0,0.0,0.0,0.0,0.0,1,6.0,16.0,,,,3700.0,1,4952366102,1,242.779621,2,4,21,2,6,4,5,1,1200.0,489.0,24.0,318430.0,7396278.0,2.0,,,,,,,,,,,,,,,,,,,1.0,275.101394,6.0,1,495.0,24.0,-23.5565469091577,-46.79050335012459,496.0,24.0,-23.547142474851142,-46.805723887178836,,,,,,,,,,,,,8.0,7.0,7.0,2.0,2.0,16.0,,,,18.0,0.0,,18.0,30.0,,30.0,16.0,3.0,,,,5.0,,,1870.82,174160
178972,506,7,-23.59232789185011,-46.84712013436508,5060844,1,182.057908,844,1,16092018,1,1,1,3,1,50608441,1,182.057908,1,3,1,1.0,0.0,0.0,0.0,0.0,0.0,1.0,1.0,1.0,1.0,1.0,0.0,0.0,0.0,1,4.0,24.0,,,,2588.93,3,5060844101,1,197.817495,1,1,41,2,1,4,1,3,,,,,,,506.0,7.0,-23.589512145656624,-46.82561440304167,2.0,2.0,5.0,14.0,1.0,,,,,,,,,,1.0,224.153363,6.0,2,506.0,7.0,-23.59232789185011,-46.84712013436508,506.0,7.0,-23.589512145656624,-46.82561440304167,,,,,,,,,,,,,8.0,3.0,3.0,2.0,2.0,16.0,,,,6.0,0.0,,6.0,30.0,,30.0,16.0,3.0,,,,5.0,,,2217.22,178973
178973,506,7,-23.59232789185011,-46.84712013436508,5060844,0,182.057908,844,1,16092018,1,1,1,3,1,50608441,0,182.057908,1,3,1,1.0,0.0,0.0,0.0,0.0,0.0,1.0,1.0,1.0,1.0,1.0,0.0,0.0,0.0,1,4.0,24.0,,,,2588.93,3,5060844101,0,197.817495,1,1,41,2,1,4,1,3,,,,,,,506.0,7.0,-23.589512145656624,-46.82561440304167,2.0,2.0,5.0,14.0,1.0,,,,,,,,,,2.0,224.153363,6.0,2,506.0,7.0,-23.589512145656624,-46.82561440304167,506.0,7.0,-23.59232789185011,-46.84712013436508,,,,,,,,,,,,,3.0,8.0,3.0,2.0,2.0,16.0,,,,17.0,0.0,,17.0,30.0,,30.0,16.0,3.0,,,,5.0,,,2217.22,178974
178974,506,7,-23.59232789185011,-46.84712013436508,5060844,0,182.057908,844,1,16092018,1,1,1,3,1,50608441,0,182.057908,1,3,1,1.0,0.0,0.0,0.0,0.0,0.0,1.0,1.0,1.0,1.0,1.0,0.0,0.0,0.0,1,4.0,24.0,,,,2588.93,3,5060844102,1,197.817495,2,4,36,2,1,4,1,3,,,,,,,506.0,7.0,-23.589512145656624,-46.82561440304167,2.0,2.0,5.0,14.0,1.0,,,,,,,,,,1.0,224.153363,6.0,2,506.0,7.0,-23.59232789185011,-46.84712013436508,506.0,7.0,-23.589512145656624,-46.82561440304167,,,,,,,,,,,,,8.0,3.0,3.0,2.0,2.0,16.0,,,,6.0,0.0,,6.0,30.0,,30.0,16.0,3.0,,,,5.0,,,2217.22,178975
178975,506,7,-23.59232789185011,-46.84712013436508,5060844,0,182.057908,844,1,16092018,1,1,1,3,1,50608441,0,182.057908,1,3,1,1.0,0.0,0.0,0.0,0.0,0.0,1.0,1.0,1.0,1.0,1.0,0.0,0.0,0.0,1,4.0,24.0,,,,2588.93,3,5060844102,0,197.817495,2,4,36,2,1,4,1,3,,,,,,,506.0,7.0,-23.589512145656624,-46.82561440304167,2.0,2.0,5.0,14.0,1.0,,,,,,,,,,2.0,224.153363,6.0,2,506.0,7.0,-23.589512145656624,-46.82561440304167,506.0,7.0,-23.59232789185011,-46.84712013436508,,,,,,,,,,,,,3.0,8.0,3.0,2.0,2.0,16.0,,,,17.0,0.0,,17.0,30.0,,30.0,16.0,3.0,,,,5.0,,,2217.22,178976
